{
   "bedrock.png":[
      83.734375,
      83.734375,
      83.734375,
      255.0
   ],
   "bone_block_side.png":[
      224.62890625,
      220.7265625,
      200.55078125,
      255.0
   ],
   "bookshelf.png":[
      107.9609375,
      88.1640625,
      57.5625,
      255.0
   ],
   "brick.png":[
      146.5703125,
      99.87109375,
      86.9609375,
      255.0
   ],
   "clay.png":[
      158.6328125,
      164.3671875,
      176.7265625,
      255.0
   ],
   "coal_block.png":[
      18.7109375,
      18.7109375,
      18.7109375,
      255.0
   ],
   "coal_ore.png":[
      115.4765625,
      115.4765625,
      115.4765625,
      255.0
   ],
   "cobblestone.png":[
      122.97265625,
      122.97265625,
      122.97265625,
      255.0
   ],
   "cobblestone_mossy.png":[
      103.7890625,
      121.3359375,
      103.7890625,
      255.0
   ],
   "concrete_black.png":[
      8.40234375,
      10.40234375,
      15.40234375
   ],
   "concrete_blue.png":[
      44.5390625,
      46.5390625,
      143.421875
   ],
   "concrete_brown.png":[
      96.44921875,
      59.546875,
      31.59765625
   ],
   "concrete_cyan.png":[
      21.4453125,
      119.21875,
      136.1875
   ],
   "concrete_gray.png":[
      54.6171875,
      57.6171875,
      61.6171875
   ],
   "concrete_green.png":[
      73.40625,
      91.33984375,
      36.4921875
   ],
   "concrete_light_blue.png":[
      35.59765625,
      137.0390625,
      198.9140625
   ],
   "concrete_lime.png":[
      94.08984375,
      168.8046875,
      24.5
   ],
   "concrete_magenta.png":[
      169.20703125,
      48.4765625,
      159.2109375
   ],
   "concrete_orange.png":[
      224.34375,
      97.13671875,
      0.6328125
   ],
   "concrete_pink.png":[
      213.5,
      101.01171875,
      142.8671875
   ],
   "concrete_powder_black.png":[
      25.296875,
      26.7421875,
      31.9765625
   ],
   "concrete_powder_blue.png":[
      70.23828125,
      73.265625,
      166.83203125
   ],
   "concrete_powder_brown.png":[
      125.53515625,
      84.84765625,
      53.86328125
   ],
   "concrete_powder_cyan.png":[
      36.6484375,
      147.9765625,
      157.16015625
   ],
   "concrete_powder_gray.png":[
      76.9453125,
      81.10546875,
      84.9140625
   ],
   "concrete_powder_green.png":[
      97.1875,
      119.12109375,
      44.56640625
   ],
   "concrete_powder_light_blue.png":[
      74.28125,
      180.73046875,
      213.36328125
   ],
   "concrete_powder_lime.png":[
      125.38671875,
      189.2734375,
      41.90625
   ],
   "concrete_powder_magenta.png":[
      192.7265625,
      83.80859375,
      184.63671875
   ],
   "concrete_powder_orange.png":[
      227.28125,
      131.859375,
      31.91015625
   ],
   "concrete_powder_pink.png":[
      228.859375,
      153.328125,
      181.0546875
   ],
   "concrete_powder_purple.png":[
      131.921875,
      55.67578125,
      177.59765625
   ],
   "concrete_powder_red.png":[
      168.19921875,
      54.13671875,
      50.625
   ],
   "concrete_powder_silver.png":[
      154.890625,
      154.95703125,
      148.1875
   ],
   "concrete_powder_white.png":[
      225.7265625,
      227.4921875,
      227.83984375
   ],
   "concrete_powder_yellow.png":[
      232.88671875,
      199.17578125,
      54.76953125
   ],
   "concrete_purple.png":[
      100.4140625,
      31.62109375,
      156.3828125
   ],
   "concrete_red.png":[
      142.3828125,
      32.8125,
      32.8125
   ],
   "concrete_silver.png":[
      125.03125,
      125.03125,
      115.03125
   ],
   "concrete_white.png":[
      207.109375,
      213.078125,
      214.07421875
   ],
   "concrete_yellow.png":[
      240.98828125,
      175.41015625,
      21.44921875
   ],
   "crafting_table_side.png":[
      118.83203125,
      95.95703125,
      60.25390625,
      255.0
   ],
   "diamond_block.png":[
      97.67578125,
      219.203125,
      213.50390625,
      255.0
   ],
   "diamond_ore.png":[
      129.49609375,
      140.19921875,
      143.24609375,
      255.0
   ],
   "dirt.png":[
      134.25,
      96.296875,
      67.0,
      255.0
   ],
   "emerald_block.png":[
      81.06640625,
      217.15234375,
      117.26171875,
      255.0
   ],
   "emerald_ore.png":[
      109.671875,
      128.78515625,
      116.24609375,
      255.0
   ],
   "end_bricks.png":[
      225.77734375,
      230.921875,
      170.99609375,
      255.0
   ],
   "end_stone.png":[
      221.23046875,
      223.69921875,
      165.2421875,
      255.0
   ],
   "glass_black.png":[
      25.0,
      25.0,
      25.0,
      123.1953125
   ],
   "glass_blue.png":[
      51.0,
      76.0,
      178.0,
      123.1953125
   ],
   "glass_brown.png":[
      102.0,
      76.0,
      51.0,
      123.1953125
   ],
   "glass_cyan.png":[
      76.0,
      127.0,
      153.0,
      123.1953125
   ],
   "glass_gray.png":[
      76.0,
      76.0,
      76.0,
      123.1953125
   ],
   "glass_green.png":[
      102.0,
      127.0,
      51.0,
      123.1953125
   ],
   "glass_light_blue.png":[
      102.0,
      153.0,
      216.0,
      123.1953125
   ],
   "glass_lime.png":[
      127.0,
      204.0,
      25.0,
      123.1953125
   ],
   "glass_magenta.png":[
      178.0,
      76.0,
      216.0,
      123.1953125
   ],
   "glass_orange.png":[
      216.0,
      127.0,
      51.0,
      123.1953125
   ],
   "glass_pink.png":[
      242.0,
      127.0,
      165.0,
      123.1953125
   ],
   "glass_purple.png":[
      127.0,
      63.0,
      178.0,
      123.1953125
   ],
   "glass_red.png":[
      153.0,
      51.0,
      51.0,
      123.1953125
   ],
   "glass_silver.png":[
      153.0,
      153.0,
      153.0,
      123.1953125
   ],
   "glass_white.png":[
      255.0,
      255.0,
      255.0,
      123.1953125
   ],
   "glass_yellow.png":[
      229.0,
      229.0,
      51.0,
      123.1953125
   ],
   "glazed_terracotta_black.png":[
      67.734375,
      30.03515625,
      32.2109375
   ],
   "glazed_terracotta_blue.png":[
      47.453125,
      64.64453125,
      139.37109375
   ],
   "glazed_terracotta_brown.png":[
      119.96875,
      106.24609375,
      85.9453125
   ],
   "glazed_terracotta_cyan.png":[
      52.25,
      118.71875,
      125.33203125
   ],
   "glazed_terracotta_gray.png":[
      83.09765625,
      90.30859375,
      93.6484375
   ],
   "glazed_terracotta_green.png":[
      117.015625,
      142.30859375,
      67.421875
   ],
   "glazed_terracotta_light_blue.png":[
      94.54296875,
      164.6171875,
      208.921875
   ],
   "glazed_terracotta_lime.png":[
      162.94921875,
      197.66796875,
      55.2109375
   ],
   "glazed_terracotta_magenta.png":[
      208.26953125,
      100.41796875,
      191.91015625
   ],
   "glazed_terracotta_orange.png":[
      154.77734375,
      147.48828125,
      91.96484375
   ],
   "glazed_terracotta_pink.png":[
      235.15625,
      154.984375,
      181.5625
   ],
   "glazed_terracotta_purple.png":[
      109.87109375,
      48.0859375,
      152.4921875
   ],
   "glazed_terracotta_red.png":[
      181.99609375,
      59.58203125,
      53.015625
   ],
   "glazed_terracotta_silver.png":[
      144.2578125,
      166.0625,
      167.953125
   ],
   "glazed_terracotta_white.png":[
      188.5,
      212.49609375,
      202.89453125
   ],
   "glazed_terracotta_yellow.png":[
      234.34765625,
      192.3203125,
      88.7109375
   ],
   "glowstone.png":[
      143.59375,
      118.05078125,
      69.6953125,
      255.0
   ],
   "gold_block.png":[
      249.26171875,
      236.44921875,
      78.54296875,
      255.0
   ],
   "gold_ore.png":[
      143.45703125,
      139.828125,
      124.95703125,
      255.0
   ],
   "gravel.png":[
      126.86328125,
      124.15234375,
      122.52734375,
      255.0
   ],
   "hardened_clay.png":[
      150.5078125,
      92.82421875,
      66.84375,
      255.0
   ],
   "hardened_clay_stained_black.png":[
      37.21875,
      22.828125,
      16.38671875,
      255.0
   ],